{"n_jobs": 20, "early_stopping_rounds": 10, "silent": true, "verbosity": 0, "n_estimators": 1000, "learning_rate": 0.18987171911110778, "max_depth": 7, "gamma": 9.907202443859239, "reg_lambda": 1.5082101766142697, "reg_alpha": 6.234999094198946, "colsample_bytree": 0.898433264334053, "colsample_bylevel": 0.48990184392992997, "subsample": 0.4650819039666218, "scale_pos_weight": 3.8268572846654747}