{"n_jobs": 20, "early_stopping_rounds": 10, "silent": true, "verbosity": 0, "n_estimators": 1000, "learning_rate": 0.08084531349571776, "max_depth": 12, "gamma": 0.6159250340171202, "reg_lambda": 4.607469060624372, "reg_alpha": 2.1216746633234425, "colsample_bytree": 0.4907188034035817, "colsample_bylevel": 0.5962668066952888, "subsample": 0.4000087729324487, "scale_pos_weight": 2.2714200885740254}