{"learning_rate": 0.07899084502219783, "max_depth": 6, "gamma": 0.07948255662407955, "reg_lambda": 6.066603682705426, "reg_alpha": 2.000380207753243, "colsample_bytree": 0.40395306950024507, "colsample_bylevel": 0.44580183920157573}