{"learning_rate": 0.11468590891688878, "max_depth": 7, "gamma": 2.128588468970638, "reg_lambda": 8.251418928917136, "reg_alpha": 3.3583979465836666, "colsample_bytree": 0.911104207749112, "colsample_bylevel": 0.9133497899566798}