{"n_jobs": 20, "early_stopping_rounds": 10, "silent": true, "verbosity": 0, "n_estimators": 1000, "learning_rate": 0.768274382817051, "max_depth": 13, "gamma": 1.5150596280330921, "reg_lambda": 1.966669981278939, "reg_alpha": 1.789066628800021, "colsample_bytree": 0.9054748886871133, "colsample_bylevel": 0.8189220528085315, "subsample": 0.752467916507354, "scale_pos_weight": 8.797351735712923}