{"learning_rate": 0.5148154454068705, "max_depth": 12, "gamma": 1.3803789317870008, "reg_lambda": 4.936435219992889, "reg_alpha": 7.361021421448348, "colsample_bytree": 0.9234058162139456, "colsample_bylevel": 0.5026441268919506, "scale_pos_weight": 9.43306780857765}