{"n_jobs": 20, "early_stopping_rounds": 10, "silent": true, "verbosity": 0, "n_estimators": 1000, "learning_rate": 0.4092367630911612, "max_depth": 11, "gamma": 0.6069186143485426, "reg_lambda": 3.3343127007228963, "reg_alpha": 0.3741258219125243, "colsample_bytree": 0.9699348332094002, "colsample_bylevel": 0.6730263497374892, "subsample": 0.49293361317688983, "scale_pos_weight": 6.9352079433668665}