{"learner":{"attributes":{"best_iteration":"6","best_ntree_limit":"7","best_score":"0.00848561207673425","scikit_learn":"{\"use_label_encoder\": null, \"n_estimators\": 1000, \"objective\": \"binary:logistic\", \"max_depth\": 16, \"max_leaves\": null, \"max_bin\": null, \"grow_policy\": null, \"learning_rate\": 0.8078560844997218, \"verbosity\": 0, \"booster\": null, \"tree_method\": null, \"gamma\": 8.101596526390246, \"min_child_weight\": null, \"max_delta_step\": null, \"subsample\": 0.7634309811889433, \"sampling_method\": null, \"colsample_bytree\": 0.8961563362516394, \"colsample_bylevel\": 0.8565036075109633, \"colsample_bynode\": null, \"reg_alpha\": 8.556051516716476, \"reg_lambda\": 9.624741381888068, \"scale_pos_weight\": 4.436349736780578, \"base_score\": null, \"missing\": NaN, \"num_parallel_tree\": null, \"random_state\": null, \"n_jobs\": 20, \"monotone_constraints\": null, \"interaction_constraints\": null, \"importance_type\": null, \"gpu_id\": null, \"validate_parameters\": null, \"predictor\": null, \"enable_categorical\": false, \"feature_types\": null, \"max_cat_to_onehot\": null, \"max_cat_threshold\": null, \"eval_metric\": null, \"early_stopping_rounds\": 10, \"callbacks\": null, \"kwargs\": {\"silent\": true}, \"classes_\": [0, 1], \"n_classes_\": 2, \"evals_result_\": {\"validation_0\": {\"logloss\": [0.19003956399741068, 0.08187357894000036, 0.03802366912448391, 0.02185029612695533, 0.01317084922159557, 0.01122522776903493, 0.00848561207673425, 0.00848561207673425, 0.00848561207673425, 0.00848561207673425, 0.00848561207673425, 0.00848561207673425, 0.00848561207673425, 0.00848561207673425, 0.00848561207673425, 0.00848561207673425, 0.00848561207673425]}}, \"_estimator_type\": \"classifier\"}"},"feature_names":["PFP(p=16,i=1)","PFP(p=16,i=3)","PFP(p=35,i=2)","PFP(p=35,i=3)","PFP(p=65,i=2)","PFP(p=67,i=2)","PFP(p=72,i=2)","PFP(p=72,i=3)","PFP(p=84,i=3)","PFP(p=86,i=3)","PFP(p=97,i=3)","PFP(p=100,i=3)","PFP(p=115,i=1)","PFP(p=115,i=3)","PFP(p=119,i=3)","PFP(p=125,i=1)","PFP(p=125,i=2)","PFP(p=125,i=3)","PFP(p=126,i=1)","PFP(p=126,i=3)","PFP(p=127,i=1)","PFP(p=127,i=2)","PFP(p=157,i=2)","PFP(p=159,i=1)","PFP(p=159,i=2)","PFP(p=160,i=2)","PFP(p=160,i=3)","PFP(p=162,i=2)","PFP(p=162,i=3)","PFP(p=163,i=1)","PFP(p=166,i=1)","PFP(p=178,i=1)","PFP(p=178,i=2)","PFP(p=178,i=3)","PFP(p=197,i=2)","PFP(p=224,i=2)","PFP(p=224,i=3)","PFP(p=238,i=1)","PFP(p=261,i=2)"],"feature_types":["float","float","float","float","float","float","float","float","float","float","float","float","float","float","float","float","float","float","float","float","float","float","float","float","float","float","float","float","float","float","float","float","float","float","float","float","float","float","float"],"gradient_booster":{"model":{"gbtree_model_param":{"num_parallel_tree":"1","num_trees":"17","size_leaf_vector":"0"},"tree_info":[0,0,0,0,0,0,0,0,0,0,0,0,0,0,0,0,0],"trees":[{"base_weights":[7.551706E-1,-1.8110244E0,1.969291E0,1.0788423E0,-1.9505047E0,1.9773829E0,-0E0],"categories":[],"categories_nodes":[],"categories_segments":[],"categories_sizes":[],"default_left":[0,0,1,0,0,0,0],"id":0,"left_children":[1,3,5,-1,-1,-1,-1],"loss_changes":[5.6583047E3,2.6244055E2,2.9543457E1,0E0,0E0,0E0,0E0],"parents":[2147483647,0,0,1,1,2,2],"right_children":[2,4,6,-1,-1,-1,-1],"split_conditions":[2.95E0,-1.48E0,-2.335E0,8.715493E-1,-1.5757271E0,1.5974408E0,-0E0],"split_indices":[26,17,4,0,0,0,0],"split_type":[0,0,0,0,0,0,0],"sum_hessian":[1.7950032E3,5.727165E2,1.2222867E3,2.056068E1,5.5215576E2,1.2197804E3,2.5063267E0],"tree_param":{"num_deleted":"0","num_feature":"39","num_nodes":"7","size_leaf_vector":"0"}},{"base_weights":[4.299956E-1,-1.1407598E0,1.1574372E0,-0E0,-1.1609404E0,1.1745179E0,-0E0,-0E0,1.1788266E0,1.1809727E0,-0E0],"categories":[],"categories_nodes":[],"categories_segments":[],"categories_sizes":[],"default_left":[1,0,1,0,0,0,0,1,1,1,1],"id":1,"left_children":[1,3,5,-1,-1,-1,-1,-1,-1,-1,-1],"loss_changes":[1.1925265E3,1.1457611E1,2.1378784E1,0E0,0E0,5.409912E0,0E0,0E0,2.0404053E0,0E0,0E0],"parents":[2147483647,0,0,1,1,2,2,5,5,8,8],"right_children":[2,4,6,-1,-1,-1,-1,-1,-1,-1,-1],"split_conditions":[-3.37E0,-2.8600001E0,1.83E0,-0E0,-9.3787277E-1,9.488414E-1,-0E0,-0E0,9.5232224E-1,9.5405596E-1,-0E0],"split_indices":[15,13,28,0,0,37,0,2147483647,2147483647,2147483647,2147483647],"split_type":[0,0,0,0,0,0,0,0,0,0,0],"sum_hessian":[1.0227942E3,3.1828815E2,7.0450604E2,2.8000379E0,3.1548813E2,6.9938385E2,5.1221757E0,1.2805439E0,6.9810333E2,6.9699634E2,1.1069449E0],"tree_param":{"num_deleted":"4","num_feature":"39","num_nodes":"11","size_leaf_vector":"0"}},{"base_weights":[3.4199956E-1,-9.839043E-1,9.565736E-1,-7.382443E-2,1.0203441E0,-1.8378219E-1,-0E0,1.0272928E0,-0E0],"categories":[],"categories_nodes":[],"categories_segments":[],"categories_sizes":[],"default_left":[1,0,0,1,1,1,1,1,1],"id":2,"left_children":[1,-1,3,-1,-1,-1,-1,-1,-1],"loss_changes":[4.2259592E2,0E0,3.2232147E1,5.563659E-1,2.9690552E0,0E0,0E0,0E0,0E0],"parents":[2147483647,0,0,2,2,3,3,4,4],"right_children":[2,-1,4,-1,-1,-1,-1,-1,-1],"split_conditions":[-2.9099998E0,-7.948531E-1,3.5E-2,-5.9639513E-2,8.242912E-1,-1.4846957E-1,-0E0,8.299048E-1,-0E0],"split_indices":[18,0,37,7,31,2147483647,2147483647,2147483647,2147483647],"split_type":[0,0,0,0,0,0,0,0,0],"sum_hessian":[4.9815335E2,1.5153038E2,3.46623E2,1.229382E1,3.3432916E2,1.0384295E1,1.9095252E0,3.3250522E2,1.8239323E0],"tree_param":{"num_deleted":"4","num_feature":"39","num_nodes":"9","size_leaf_vector":"0"}},{"base_weights":[2.121365E-1,9.239778E-1,-8.101787E-1,-0E0,-8.912087E-1],"categories":[],"categories_nodes":[],"categories_segments":[],"categories_sizes":[],"default_left":[0,0,0,0,0],"id":3,"left_children":[1,-1,3,-1,-1],"loss_changes":[2.0107558E2,0E0,1.15448E1,0E0,0E0],"parents":[2147483647,0,0,2,2],"right_children":[2,-1,4,-1,-1],"split_conditions":[4.2E-1,7.4644107E-1,-1.48E0,-0E0,-7.199684E-1],"split_indices":[13,0,17,0,0],"split_type":[0,0,0,0,0],"sum_hessian":[2.5544328E2,1.5606786E2,9.9375435E1,4.3844137E0,9.499102E1],"tree_param":{"num_deleted":"0","num_feature":"39","num_nodes":"5","size_leaf_vector":"0"}},{"base_weights":[1.4877902E-1,-6.285513E-1,7.776567E-1,-0E0,-7.3214287E-1,-0E0,7.9873455E-1],"categories":[],"categories_nodes":[],"categories_segments":[],"categories_sizes":[],"default_left":[1,0,1,1,1,1,1],"id":4,"left_children":[1,-1,-1,-1,-1,-1,-1],"loss_changes":[7.2079185E1,6.534231E0,2.161934E0,0E0,0E0,0E0,0E0],"parents":[2147483647,0,0,1,1,2,2],"right_children":[2,-1,-1,-1,-1,-1,-1],"split_conditions":[4.775E0,-5.07779E-1,6.282347E-1,-0E0,-5.9146607E-1,-0E0,6.4526254E-1],"split_indices":[27,16,15,2147483647,2147483647,2147483647,2147483647],"split_type":[0,0,0,0,0,0,0],"sum_hessian":[1.25589485E2,5.0083282E1,7.55062E1,3.5109758E0,4.6572308E1,1.0450408E0,7.446116E1],"tree_param":{"num_deleted":"4","num_feature":"39","num_nodes":"7","size_leaf_vector":"0"}},{"base_weights":[9.145025E-2,6.509217E-1,-4.8322985E-1,-0E0,6.8514156E-1,-0E0,-5.629585E-1],"categories":[],"categories_nodes":[],"categories_segments":[],"categories_sizes":[],"default_left":[0,0,0,1,1,1,1],"id":5,"left_children":[1,-1,-1,-1,-1,-1,-1],"loss_changes":[3.3094944E1,2.1258755E0,2.8367996E0,0E0,0E0,0E0,0E0],"parents":[2147483647,0,0,1,1,2,2],"right_children":[2,-1,-1,-1,-1,-1,-1],"split_conditions":[4.2E-1,5.258511E-1,-3.9038017E-1,-0E0,5.5349576E-1,-0E0,-4.5478943E-1],"split_indices":[13,14,17,2147483647,2147483647,2147483647,2147483647],"split_type":[0,0,0,0,0,0,0],"sum_hessian":[7.9430405E1,4.714477E1,3.228563E1,1.0004268E0,4.6144344E1,2.079349E0,3.0206282E1],"tree_param":{"num_deleted":"4","num_feature":"39","num_nodes":"7","size_leaf_vector":"0"}},{"base_weights":[-0E0,5.392849E-1,-3.4817764E-1,-0E0,-4.6919176E-1],"categories":[],"categories_nodes":[],"categories_segments":[],"categories_sizes":[],"default_left":[0,0,0,1,1],"id":6,"left_children":[1,-1,-1,-1,-1],"loss_changes":[1.5374264E1,0E0,2.851378E0,0E0,0E0],