{"n_jobs": 20, "early_stopping_rounds": 10, "silent": true, "verbosity": 0, "n_estimators": 1000, "learning_rate": 0.8078560844997218, "max_depth": 16, "gamma": 8.101596526390246, "reg_lambda": 9.624741381888068, "reg_alpha": 8.556051516716476, "colsample_bytree": 0.8961563362516394, "colsample_bylevel": 0.8565036075109633, "subsample": 0.7634309811889433, "scale_pos_weight": 4.436349736780578}