{"learning_rate": 0.13928287155354724, "max_depth": 16, "gamma": 0.10154455401226965, "reg_lambda": 2.6105375582757357, "reg_alpha": 6.143695047738996, "colsample_bytree": 0.9964161385495226, "colsample_bylevel": 0.29745454808526794, "scale_pos_weight": 2.9543900186995575}